id,name,icon,description,image,vocation_id,prerequisites,xp_cost,free_advances,stat_minimums,stat_maximums,enabled
academic,Academic,üìö,A scholar dedicated to learning and research.,classes/Class_Overview_academic.png,,student,1000,sage;physician,{},"{""stealth"":3,""survival"":6,""wisdom"":7,""fighting"":2,""will"":6,""endurance"":3,""intelligence"":7,""awareness"":7,""healing"":7,""influence"":6,""persuasion"":6,""knowledge"":7,""entertaining"":4,""crafting"":5,""marksmanship"":2,""deception"":5,""thievery"":3,""agility"":4,""athletics"":3,""animal_handling"":5}",TRUE
adventurer,Adventurer,üó°Ô∏è,A wanderer seeking fortune and glory.,classes/Class_Overview_adventurer.png,,,750,mercenary;bard;rogue,{},"{""will"":3,""crafting"":3,""intelligence"":3,""entertaining"":3,""agility"":6,""persuasion"":4,""deception"":6,""awareness"":4,""healing"":3,""wisdom"":3,""knowledge"":3,""fighting"":4,""endurance"":5,""stealth"":4,""animal_handling"":4,""influence"":3,""marksmanship"":5,""thievery"":3,""athletics"":5,""survival"":4}",TRUE
advisor,Advisor,üìú,A trusted counselor to nobles and rulers.,classes/Class_Overview_advisor.png,,courtier;scholar;monk;priest;num;courtier,1500,steward;sage,{},"{""thievery"":3,""entertaining"":4,""animal_handling"":5,""influence"":6,""awareness"":7,""fighting"":2,""wisdom"":7,""marksmanship"":2,""agility"":4,""deception"":5,""healing"":7,""stealth"":3,""knowledge"":7,""survival"":6,""intelligence"":7,""persuasion"":6,""athletics"":3,""crafting"":5,""endurance"":3,""will"":6}",TRUE
alchemist,Alchemist,‚öóÔ∏è,A practitioner of arcane chemistry.,classes/Class_Overview_alchemist.png,,apothecary;mage,1500,enchanter;physician,{},"{""athletics"":2,""fighting"":2,""agility"":2,""healing"":4,""endurance"":3,""wisdom"":5,""knowledge"":6,""influence"":2,""intelligence"":8,""persuasion"":2,""stealth"":2,""crafting"":8,""survival"":2,""will"":6,""marksmanship"":2,""entertaining"":4,""deception"":3,""awareness"":5,""animal_handling"":2,""thievery"":2}",TRUE
apothecary,Apothecary,üíä,A healer who prepares medicines and remedies.,classes/Class_Overview_apothecary.png,,herbalist,1000,alchemist;physician,{},"{""agility"":4,""awareness"":5,""healing"":2,""fighting"":3,""deception"":3,""endurance"":3,""marksmanship"":3,""thievery"":2,""stealth"":2,""knowledge"":2,""athletics"":5,""entertaining"":3,""wisdom"":5,""survival"":2,""influence"":6,""intelligence"":6,""persuasion"":2,""crafting"":2,""animal_handling"":3,""will"":2}",TRUE
apprentice,Apprentice,üìñ,A student learning a trade or craft.,classes/Class_Overview_apprentice.png,,,0,craftsman;artisan;smith,{},"{""fighting"":2,""persuasion"":2,""entertaining"":2,""will"":4,""wisdom"":5,""endurance"":2,""intelligence"":5,""awareness"":3,""influence"":2,""athletics"":2,""animal_handling"":3,""knowledge"":5,""crafting"":6,""survival"":2,""healing"":6,""marksmanship"":2,""deception"":4,""thievery"":2,""agility"":3,""stealth"":2}",TRUE
archer,Archer,üèπ,A skilled marksman with bow and arrow.,classes/Class_Overview_archer.png,,hunter;soldier;warrior,1000,ranger;scout,{},"{""thievery"":2,""athletics"":6,""entertaining"":2,""survival"":5,""influence"":2,""stealth"":2,""will"":2,""agility"":7,""animal_handling"":4,""knowledge"":2,""persuasion"":4,""fighting"":5,""wisdom"":2,""deception"":2,""healing"":3,""awareness"":5,""intelligence"":2,""marksmanship"":8,""endurance"":4,""crafting"":4}",TRUE
artillerist,Artillerist,üí£,An expert in siege weapons and cannons.,classes/Class_Overview_artillerist.png,,engineer;knight;scholar,2000,warmage,"{""knowledge"":3,""crafting"":4,""intelligence"":3}","{""athletics"":6,""wisdom"":4,""thievery"":2,""marksmanship"":6,""entertaining"":2,""knowledge"":3,""agility"":4,""persuasion"":2,""animal_handling"":3,""influence"":2,""awareness"":4,""fighting"":6,""crafting"":4,""healing"":3,""endurance"":4,""stealth"":2,""survival"":3,""will"":3,""intelligence"":4,""deception"":2}",TRUE
artisan,Artisan,üõ†Ô∏è,A skilled craftsperson of fine goods.,classes/Class_Overview_artisan.png,,craftsman,1000,artist;engineer,"{""intelligence"":2,""crafting"":4}","{""awareness"":5,""stealth"":4,""agility"":4,""influence"":3,""deception"":5,""thievery"":3,""persuasion"":6,""marksmanship"":3,""wisdom"":4,""endurance"":8,""intelligence"":4,""animal_handling"":3,""crafting"":9,""entertaining"":4,""will"":5,""athletics"":8,""survival"":4,""knowledge"":4,""fighting"":3,""healing"":2}",TRUE
artist,Artist,üé®,"A creator of paintings, sculptures, and art.",classes/Class_Overview_artist.png,,,1000,entertainer,"{""crafting"":3,""entertaining"":2}","{""deception"":5,""animal_handling"":3,""entertaining"":4,""healing"":2,""influence"":3,""intelligence"":4,""thievery"":3,""will"":5,""knowledge"":4,""marksmanship"":3,""survival"":4,""endurance"":8,""crafting"":9,""athletics"":8,""wisdom"":4,""agility"":4,""persuasion"":6,""awareness"":5,""fighting"":3,""stealth"":4}",TRUE
assassin,Assassin,üó°Ô∏è,A deadly killer for hire.,classes/Class_Overview_assassin.png,,rogue;spy;warrior;monk;nun,2500,spy;bountyhunter,"{""thievery"":3,""stealth"":5,""fighting"":4}","{""endurance"":9,""influence"":2,""thievery"":4,""athletics"":8,""crafting"":6,""awareness"":6,""survival"":3,""wisdom"":4,""animal_handling"":7,""marksmanship"":8,""knowledge"":6,""stealth"":9,""fighting"":9,""entertaining"":5,""deception"":8,""healing"":5,""agility"":8,""will"":5,""intelligence"":5,""persuasion"":2}",TRUE
bailiff,Bailiff,‚öñÔ∏è,An officer who enforces court orders.,classes/Class_Overview_bailiff.png,,watchman;guard;noble,750,sheriff;jailer,{},"{""will"":2,""crafting"":2,""fighting"":4,""persuasion"":8,""deception"":2,""endurance"":5,""agility"":3,""marksmanship"":3,""wisdom"":2,""healing"":2,""entertaining"":2,""thievery"":2,""stealth"":2,""influence"":5,""intelligence"":2,""knowledge"":2,""survival"":2,""awareness"":5,""animal_handling"":3,""athletics"":3}",TRUE
bandit,Bandit,üí∞,An outlaw who robs travelers.,classes/Class_Overview_bandit.png,,,750,highwayman;raider,"{""stealth"":2,""survival"":2,""fighting"":3}","{""intelligence"":2,""wisdom"":3,""stealth"":6,""will"":3,""agility"":6,""crafting"":2,""healing"":3,""knowledge"":2,""marksmanship"":6,""influence"":4,""thievery"":6,""animal_handling"":5,""survival"":6,""awareness"":5,""endurance"":5,""entertaining"":2,""athletics"":6,""persuasion"":6,""deception"":6,""fighting"":6}",TRUE
barbarian,Barbarian,‚öîÔ∏è,A fierce warrior from uncivilized lands.,classes/Class_Overview_barbarian.png,,,1000,raider;warrior,"{""endurance"":4,""survival"":2,""fighting"":4}","{""stealth"":5,""endurance"":8,""persuasion"":5,""marksmanship"":6,""thievery"":5,""wisdom"":5,""agility"":8,""deception"":5,""entertaining"":3,""fighting"":7,""crafting"":3,""survival"":9,""knowledge"":3,""athletics"":9,""healing"":3,""influence"":3,""intelligence"":3,""animal_handling"":6,""awareness"":6,""will"":9}",TRUE
bard,Bard,üéµ,A traveling performer and storyteller.,classes/Class_Overview_bard.png,,entertainer;warrior;noble;soldier,1000,courtier;spy,"{""persuasion"":2,""entertaining"":4,""knowledge"":2}","{""will"":5,""knowledge"":7,""healing"":3,""fighting"":6,""persuasion"":9,""wisdom"":5,""influence"":7,""survival"":5,""agility"":6,""crafting"":5,""entertaining"":9,""thievery"":5,""stealth"":5,""deception"":8,""athletics"":5,""awareness"":7,""intelligence"":7,""animal_handling"":3,""marksmanship"":4,""endurance"":4}",TRUE
beggar,Beggar,üôè,A penniless soul surviving on charity.,classes/Class_Overview_beggar.png,,,0,thief;entertainer;cutpurse,{},"{""endurance"":6,""wisdom"":2,""stealth"":5,""knowledge"":2,""animal_handling"":2,""athletics"":3,""influence"":2,""marksmanship"":2,""awareness"":5,""persuasion"":4,""fighting"":2,""healing"":2,""agility"":3,""thievery"":5,""crafting"":2,""will"":2,""entertaining"":5,""intelligence"":2,""deception"":8,""survival"":5}",TRUE
boatman,Boatman,üö£,A skilled navigator of rivers and lakes.,classes/Class_Overview_boatman.png,,,500,sailor;smuggler,{},"{""will"":2,""knowledge"":2,""endurance"":7,""survival"":6,""thievery"":4,""marksmanship"":4,""entertaining"":4,""influence"":2,""intelligence"":2,""persuasion"":2,""wisdom"":2,""deception"":2,""stealth"":2,""fighting"":3,""athletics"":9,""healing"":2,""agility"":6,""awareness"":5,""crafting"":5,""animal_handling"":6}",TRUE
bountyhunter,Bountyhunter,üéØ,A tracker who hunts fugitives for reward.,classes/Class_Overview_bountyhunter.png,,hunter;soldier;warrior;ranger,1500,assassin;mercenary,"{""marksmanship"":2,""awareness"":3,""fighting"":3}","{""intelligence"":3,""deception"":7,""endurance"":7,""animal_handling"":5,""stealth"":4,""thievery"":3,""will"":3,""wisdom"":3,""influence"":3,""fighting"":6,""crafting"":3,""agility"":7,""persuasion"":5,""survival"":4,""entertaining"":3,""marksmanship"":6,""awareness"":8,""knowledge"":3,""healing"":3,""athletics"":7}",TRUE
burgher,Burgher,üè†,A respectable middle-class citizen.,classes/Class_Overview_burgher.png,,merchant;villager,1500,noble;steward,{},"{""influence"":7,""knowledge"":5,""wisdom"":4,""agility"":3,""healing"":2,""thievery"":2,""endurance"":4,""crafting"":6,""intelligence"":6,""survival"":2,""athletics"":4,""fighting"":2,""deception"":5,""will"":2,""animal_handling"":3,""marksmanship"":2,""entertaining"":2,""stealth"":2,""persuasion"":7,""awareness"":4}",TRUE
burglar,Burglar,üîì,A thief who breaks into buildings.,classes/Class_Overview_burglar.png,,rogue,1000,assassin;fence,"{""stealth"":4,""agility"":3,""thievery"":3}","{""thievery"":8,""entertaining"":5,""animal_handling"":3,""influence"":3,""awareness"":7,""fighting"":3,""wisdom"":3,""marksmanship"":3,""agility"":7,""deception"":8,""healing"":2,""stealth"":8,""knowledge"":5,""survival"":3,""intelligence"":5,""persuasion"":5,""athletics"":4,""crafting"":5,""endurance"":3,""will"":3}",TRUE
castellan,Castellan,üè∞,The keeper and commander of a castle.,classes/Class_Overview_castellan.png,,noble;knight;yeoman,2000,noble;marshal,"{""knowledge"":3,""awareness"":3,""influence"":4}","{""stealth"":3,""marksmanship"":5,""thievery"":3,""fighting"":5,""animal_handling"":6,""will"":6,""deception"":5,""survival"":5,""wisdom"":6,""persuasion"":8,""intelligence"":6,""awareness"":6,""endurance"":6,""healing"":4,""crafting"":6,""athletics"":5,""influence"":8,""agility"":5,""entertaining"":5,""knowledge"":6}",TRUE
cavalry,Cavalry,üê¥,A mounted soldier skilled in horseback combat.,classes/Class_Overview_cavalry.png,,squire;soldier;warrior,1500,knight;marshal,"{""fighting"":4,""animal_handling"":2,""agility"":3}","{""deception"":2,""endurance"":6,""stealth"":2,""entertaining"":2,""wisdom"":2,""intelligence"":2,""survival"":4,""fighting"":6,""knowledge"":2,""will"":3,""marksmanship"":4,""awareness"":6,""animal_handling"":8,""persuasion"":4,""agility"":6,""athletics"":6,""influence"":4,""thievery"":2,""crafting"":4,""healing"":3}",TRUE
censor,Censor,üìã,An official who examines and controls content.,classes/Class_Overview_censor.png,,witchhunter,1500,advisor;inquisitor,{},"{""animal_handling"":2,""wisdom"":6,""athletics"":2,""intelligence"":7,""fighting"":2,""entertaining"":2,""knowledge"":7,""thievery"":2,""deception"":6,""healing"":2,""survival"":2,""endurance"":2,""marksmanship"":2,""influence"":6,""will"":6,""awareness"":6,""agility"":2,""stealth"":2,""persuasion"":8,""crafting"":4}",TRUE
charlatan,Charlatan,üé≠,A fraudster who deceives for profit.,classes/Class_Overview_charlatan.png,,entertainer;forger;hedgemage,750,conartist;forger,{},"{""influence"":7,""athletics"":4,""persuasion"":8,""knowledge"":5,""awareness"":6,""entertaining"":6,""agility"":5,""crafting"":5,""animal_handling"":3,""stealth"":4,""thievery"":4,""will"":4,""healing"":3,""deception"":9,""fighting"":2,""survival"":3,""endurance"":4,""intelligence"":5,""wisdom"":3,""marksmanship"":2}",TRUE
cleric,Cleric,‚úùÔ∏è,A religious official devoted to divine service.,classes/Class_Overview_cleric.png,,,1000,priest;healer,"{""will"":3,""healing"":2}","{""entertaining"":4,""awareness"":5,""influence"":7,""fighting"":3,""thievery"":2,""agility"":4,""stealth"":2,""deception"":3,""persuasion"":8,""healing"":7,""animal_handling"":3,""survival"":4,""endurance"":5,""marksmanship"":2,""wisdom"":8,""crafting"":4,""athletics"":4,""intelligence"":5,""will"":7,""knowledge"":6}",TRUE
coachman,Coachman,üêé,A driver of horse-drawn carriages.,classes/Class_Overview_coachman.png,,,500,messenger;smuggler,{},"{""endurance"":5,""influence"":2,""survival"":3,""marksmanship"":3,""persuasion"":2,""wisdom"":2,""fighting"":3,""stealth"":3,""deception"":2,""animal_handling"":6,""knowledge"":2,""intelligence"":2,""athletics"":4,""agility"":4,""crafting"":4,""thievery"":2,""entertaining"":2,""awareness"":4,""will"":2,""healing"":2}",TRUE
conartist,Conartist,üé©,A swindler who gains trust to steal.,classes/Class_Overview_conartist.png,,charlatan;rogue;entertainer,1000,spy;fence,{},"{""endurance"":4,""marksmanship"":2,""healing"":3,""crafting"":5,""awareness"":6,""intelligence"":5,""will"":4,""fighting"":2,""animal_handling"":3,""deception"":9,""thievery"":4,""wisdom"":3,""knowledge"":5,""athletics"":4,""agility"":5,""entertaining"":6,""influence"":7,""stealth"":4,""persuasion"":8,""survival"":3}",TRUE
courtesan,Courtesan,üíã,A sophisticated companion of the nobility.,classes/Class_Overview_courtesan.png,,servant;whore;noble,1000,courtier;spy,"{""entertaining"":3,""persuasion"":2,""influence"":2}","{""wisdom"":3,""endurance"":3,""animal_handling"":2,""deception"":6,""will"":4,""stealth"":2,""crafting"":3,""knowledge"":5,""influence"":7,""persuasion"":8,""thievery"":2,""intelligence"":5,""awareness"":5,""athletics"":4,""entertaining"":6,""healing"":2,""agility"":5,""survival"":2,""marksmanship"":2,""fighting"":2}",TRUE
courtier,Courtier,üëë,An attendant at a royal court.,classes/Class_Overview_courtier.png,,noble;burgher;courtesan,1500,noble;advisor,"{""persuasion"":3,""awareness"":2,""influence"":4}","{""entertaining"":5,""animal_handling"":3,""thievery"":2,""fighting"":2,""marksmanship"":2,""persuasion"":8,""knowledge"":6,""survival"":3,""will"":4,""healing"":2,""influence"":8,""intelligence"":5,""crafting"":4,""endurance"":4,""agility"":4,""wisdom"":4,""deception"":5,""awareness"":5,""stealth"":3,""athletics"":4}",TRUE
craftsman,Craftsman,üî®,A skilled worker in a particular trade.,classes/Class_Overview_craftsman.png,,apprentice,500,artisan;smith;engineer,"{""crafting"":3}","{""athletics"":7,""endurance"":7,""survival"":4,""will"":4,""thievery"":3,""stealth"":4,""marksmanship"":3,""animal_handling"":4,""intelligence"":5,""entertaining"":4,""influence"":4,""fighting"":4,""crafting"":8,""healing"":2,""wisdom"":4,""awareness"":5,""deception"":3,""persuasion"":5,""agility"":4,""knowledge"":5}",TRUE
cultist,Cultist,üïØÔ∏è,A follower of forbidden religious practices.,classes/Class_Overview_cultist.png,,zealot;priest;nun;monk;witch;hedgemage,1500,warlock;necromancer,{},"{""persuasion"":4,""knowledge"":4,""endurance"":3,""crafting"":2,""stealth"":3,""wisdom"":6,""healing"":2,""thievery"":2,""agility"":2,""entertaining"":3,""influence"":4,""animal_handling"":3,""athletics"":2,""awareness"":3,""survival"":3,""intelligence"":3,""will"":8,""marksmanship"":2,""fighting"":2,""deception"":5}",TRUE
cutpurse,Cutpurse,‚úÇÔ∏è,A pickpocket and petty thief.,classes/Class_Overview_cutpurse.png,,,400,thief;pickpocket,"{""agility"":2,""thievery"":3,""stealth"":2}","{""stealth"":7,""endurance"":2,""intelligence"":2,""wisdom"":2,""awareness"":5,""survival"":2,""will"":2,""knowledge"":2,""entertaining"":3,""healing"":2,""crafting"":2,""animal_handling"":2,""deception"":6,""marksmanship"":2,""influence"":2,""fighting"":2,""athletics"":3,""persuasion"":3,""thievery"":8,""agility"":5}",TRUE
druid,Druid,üå≥,A keeper of nature and ancient wisdom.,classes/Class_Overview_druid.png,,,2000,sage;witch,"{""will"":4,""knowledge"":3,""survival"":3}","{""will"":8,""awareness"":6,""wisdom"":8,""deception"":3,""animal_handling"":8,""athletics"":4,""marksmanship"":3,""thievery"":2,""influence"":3,""intelligence"":5,""persuasion"":3,""knowledge"":6,""fighting"":3,""healing"":7,""crafting"":5,""stealth"":4,""agility"":3,""endurance"":5,""survival"":8,""entertaining"":3}",TRUE
duelist,Duelist,‚öîÔ∏è,A fighter who specializes in one-on-one combat.,classes/Class_Overview_duelist.png,,knight;warrior;soldier,1500,swordmaster;knight,{},"{""survival"":3,""stealth"":3,""wisdom"":3,""will"":5,""fighting"":9,""endurance"":6,""intelligence"":4,""awareness"":6,""healing"":3,""influence"":3,""persuasion"":4,""knowledge"":4,""entertaining"":3,""crafting"":4,""deception"":4,""marksmanship"":3,""thievery"":3,""agility"":9,""athletics"":7,""animal_handling"":3}",TRUE
enchanter,Enchanter,‚ú®,A mage who imbues objects with magic.,classes/Class_Overview_enchanter.png,,mage,1500,spellmonger;wizard,"{""crafting"":2,""intelligence"":4,""knowledge"":3}","{""persuasion"":4,""agility"":3,""intelligence"":8,""marksmanship"":2,""knowledge"":7,""thievery"":2,""fighting"":2,""wisdom"":6,""animal_handling"":4,""will"":7,""deception"":4,""stealth"":2,""crafting"":6,""athletics"":3,""survival"":3,""healing"":4,""entertaining"":4,""endurance"":3,""awareness"":5,""influence"":4}",TRUE
engineer,Engineer,‚öôÔ∏è,A designer and builder of machines.,classes/Class_Overview_engineer.png,,craftsman;academic;scholar,1500,artillerist;architect,"{""knowledge"":3,""crafting"":4,""intelligence"":4}","{""deception"":3,""influence"":3,""endurance"":4,""will"":4,""knowledge"":7,""survival"":2,""agility"":3,""healing"":2,""thievery"":2,""wisdom"":4,""persuasion"":3,""entertaining"":2,""awareness"":4,""animal_handling"":3,""crafting"":8,""athletics"":5,""stealth"":2,""fighting"":3,""marksmanship"":4,""intelligence"":8}",TRUE
entertainer,Entertainer,üé™,A performer who amuses audiences.,classes/Class_Overview_entertainer.png,,,500,bard;charlatan,"{""agility"":2,""entertaining"":4}","{""awareness"":5,""thievery"":3,""survival"":4,""animal_handling"":4,""entertaining"":9,""agility"":5,""endurance"":5,""stealth"":4,""will"":3,""crafting"":4,""healing"":2,""fighting"":2,""marksmanship"":2,""athletics"":5,""persuasion"":7,""deception"":6,""intelligence"":4,""influence"":6,""wisdom"":3,""knowledge"":4}",TRUE
envoy,Envoy,üì®,A diplomatic messenger between powers.,classes/Class_Overview_envoy.png,,messenger;noble,1000,advisor;spy,{},"{""healing"":2,""athletics"":4,""agility"":4,""survival"":3,""deception"":4,""fighting"":3,""will"":4,""persuasion"":7,""wisdom"":5,""thievery"":2,""endurance"":4,""entertaining"":4,""influence"":6,""crafting"":3,""knowledge"":6,""animal_handling"":4,""marksmanship"":2,""stealth"":3,""awareness"":5,""intelligence"":5}",TRUE
executioner,Executioner,‚ö∞Ô∏è,One who carries out death sentences.,classes/Class_Overview_executioner.png,,jailer;watchman;guard,1000,assassin,{},"{""endurance"":6,""athletics"":7,""awareness"":4,""marksmanship"":2,""influence"":4,""wisdom"":2,""crafting"":4,""animal_handling"":2,""deception"":3,""knowledge"":2,""stealth"":2,""intelligence"":2,""entertaining"":2,""will"":4,""survival"":2,""thievery"":2,""fighting"":7,""healing"":2,""persuasion"":4,""agility"":4}",TRUE
farmer,Farmer,üåæ,A cultivator of land and crops.,classes/Class_Overview_farmer.png,,,400,herder;forager;woodsman,"{""animal_handling"":2,""survival"":2}","{""thievery"":2,""stealth"":2,""endurance"":7,""marksmanship"":3,""animal_handling"":7,""influence"":2,""survival"":6,""athletics"":6,""awareness"":4,""deception"":2,""persuasion"":2,""fighting"":3,""crafting"":5,""will"":2,""intelligence"":2,""entertaining"":2,""wisdom"":3,""knowledge"":2,""agility"":4,""healing"":3}",TRUE
fence,Fence,üè™,A dealer in stolen goods.,classes/Class_Overview_fence.png,,rogue;thief,750,smuggler;merchant,"{""persuasion"":2,""thievery"":3}","{""crafting"":4,""thievery"":4,""animal_handling"":3,""will"":3,""agility"":4,""survival"":3,""healing"":2,""influence"":5,""fighting"":2,""athletics"":4,""persuasion"":6,""endurance"":3,""deception"":7,""knowledge"":5,""entertaining"":4,""intelligence"":5,""wisdom"":3,""marksmanship"":2,""stealth"":4,""awareness"":6}",TRUE
footwizard,Footwizard,üßô,A battle mage who fights alongside infantry.,classes/Class_Overview_footwizard.png,,mage,2000,soldier,"{""intelligence"":4,""fighting"":3,""knowledge"":3}","{""persuasion"":2,""entertaining"":3,""influence"":2,""deception"":3,""marksmanship"":4,""awareness"":5,""intelligence"":6,""agility"":4,""animal_handling"":3,""athletics"":5,""will"":6,""thievery"":2,""crafting"":4,""wisdom"":5,""fighting"":6,""survival"":4,""stealth"":3,""healing"":4,""knowledge"":6,""endurance"":5}",TRUE
forager,Forager,üçÑ,One who gathers wild food and resources.,classes/Class_Overview_forager.png,,,500,herbalist;hunter,"{""survival"":3,""awareness"":2}","{""survival"":8,""influence"":2,""persuasion"":2,""agility"":4,""will"":2,""entertaining"":2,""animal_handling"":6,""marksmanship"":3,""crafting"":3,""wisdom"":4,""endurance"":5,""healing"":4,""stealth"":4,""athletics"":5,""awareness"":5,""thievery"":2,""fighting"":2,""intelligence"":3,""knowledge"":4,""deception"":2}",TRUE
forger,Forger,üìÑ,A counterfeiter of documents or currency.,classes/Class_Overview_forger.png,,charlatan;rogue;conartist,1000,fence;smuggler,{},"{""fighting"":2,""survival"":2,""entertaining"":3,""stealth"":3,""animal_handling"":2,""knowledge"":5,""wisdom"":3,""influence"":4,""agility"":3,""awareness"":5,""deception"":7,""intelligence"":5,""endurance"":3,""healing"":2,""crafting"":7,""persuasion"":4,""athletics"":3,""will"":3,""thievery"":4,""marksmanship"":2}",TRUE
guard,Guard,üõ°Ô∏è,A protector of people or property.,classes/Class_Overview_guard.png,,,500,soldier;sentinel;watchman,"{""awareness"":2,""fighting"":2}","{""stealth"":3,""athletics"":6,""deception"":3,""influence"":4,""intelligence"":2,""marksmanship"":4,""survival"":3,""endurance"":6,""wisdom"":3,""awareness"":5,""fighting"":6,""agility"":5,""healing"":3,""crafting"":3,""will"":4,""entertaining"":2,""knowledge"":2,""thievery"":2,""animal_handling"":3,""persuasion"":4}",TRUE
healer,Healer,üíö,A practitioner of medicine and care.,classes/Class_Overview_healer.png,,,1000,physician;cleric,"{""healing"":4,""intelligence"":2,""will"":3}","{""thievery"":2,""awareness"":5,""survival"":5,""animal_handling"":4,""entertaining"":3,""agility"":3,""endurance"":4,""stealth"":2,""will"":5,""healing"":8,""crafting"":4,""fighting"":2,""marksmanship"":2,""athletics"":4,""persuasion"":5,""deception"":3,""intelligence"":6,""influence"":4,""wisdom"":7,""knowledge"":6}",TRUE
hedgeknight,Hedgeknight,üó°Ô∏è,A wandering knight without a lord.,classes/Class_Overview_hedgeknight.png,,,1500,knight;mercenary,"{""endurance"":3,""fighting"":5}","{""stealth"":3,""deception"":4,""animal_handling"":5,""healing"":3,""influence"":4,""survival"":4,""entertaining"":2,""awareness"":5,""crafting"":4,""fighting"":7,""endurance"":6,""persuasion"":4,""knowledge"":3,""athletics"":7,""wisdom"":3,""agility"":7,""marksmanship"":5,""thievery"":2,""will"":4,""intelligence"":3}",TRUE
hedgemage,Hedgemage,üåø,A self-taught practitioner of magic.,classes/Class_Overview_hedgemage.png,,mage,1000,mage;witch,"{""intelligence"":3,""will"":2}","{""entertaining"":3,""will"":6,""influence"":3,""crafting"":4,""survival"":4,""athletics"":3,""persuasion"":4,""deception"":4,""marksmanship"":2,""animal_handling"":4,""awareness"":5,""stealth"":3,""intelligence"":6,""agility"":3,""healing"":5,""thievery"":2,""knowledge"":6,""wisdom"":5,""fighting"":3,""endurance"":4}",TRUE
herald,Herald,üìØ,An official messenger and announcer.,classes/Class_Overview_herald.png,,,750,envoy;courtier,{},"{""intelligence"":4,""survival"":3,""thievery"":2,""persuasion"":6,""will"":3,""endurance"":4,""agility"":3,""awareness"":5,""influence"":6,""knowledge"":6,""stealth"":2,""marksmanship"":2,""athletics"":4,""animal_handling"":3,""fighting"":2,""healing"":2,""deception"":3,""crafting"":3,""wisdom"":4,""entertaining"":4}",TRUE
herbalist,Herbalist,üåø,An expert in plants and natural remedies.,classes/Class_Overview_herbalist.png,,,750,healer;apothecary,{},"{""knowledge"":6,""persuasion"":4,""athletics"":4,""agility"":3,""fighting"":2,""animal_handling"":5,""thievery"":2,""deception"":3,""marksmanship"":2,""influence"":3,""survival"":7,""entertaining"":3,""healing"":7,""wisdom"":6,""intelligence"":5,""crafting"":5,""awareness"":6,""stealth"":3,""will"":4,""endurance"":4}",TRUE
herder,Herder,üêë,A keeper of livestock and animals.,classes/Class_Overview_herder.png,,,500,hunter;tribesman,"{""survival"":2,""animal_handling"":3}","{""wisdom"":2,""animal_handling"":8,""deception"":2,""thievery"":2,""will"":2,""intelligence"":2,""entertaining"":2,""marksmanship"":3,""athletics"":5,""fighting"":3,""endurance"":6,""agility"":4,""healing"":4,""influence"":2,""survival"":5,""knowledge"":2,""awareness"":4,""stealth"":2,""persuasion"":2,""crafting"":3}",TRUE
highwayman,Highwayman,üé≠,A mounted robber of travelers.,classes/Class_Overview_highwayman.png,,bandit;coachman;boatman;soldier;warrior,1000,raider;bountyhunter,"{""agility"":2,""marksmanship"":3,""fighting"":3}","{""agility"":7,""healing"":3,""animal_handling"":5,""survival"":5,""wisdom"":3,""fighting"":6,""awareness"":6,""crafting"":2,""knowledge"":2,""thievery"":5,""will"":3,""marksmanship"":6,""stealth"":5,""athletics"":6,""entertaining"":3,""persuasion"":5,""influence"":4,""intelligence"":2,""deception"":6,""endurance"":6}",TRUE
hunter,Hunter,ü¶å,A tracker and killer of wild game.,classes/Class_Overview_hunter.png,,,750,ranger;scout;bountyhunter,"{""marksmanship"":3,""awareness"":2,""survival"":3}","{""survival"":7,""intelligence"":2,""marksmanship"":7,""healing"":3,""fighting"":5,""endurance"":6,""thievery"":3,""athletics"":7,""animal_handling"":6,""will"":3,""crafting"":4,""entertaining"":2,""deception"":3,""influence"":2,""stealth"":6,""wisdom"":3,""awareness"":7,""agility"":6,""knowledge"":3,""persuasion"":2}",TRUE
interrogator,Interrogator,‚ùì,An expert at extracting information.,classes/Class_Overview_interrogator.png,,jailer,1000,spy;sheriff,"{""influence"":2,""deception"":3,""intelligence"":3}","{""awareness"":6,""intelligence"":5,""athletics"":4,""stealth"":3,""deception"":6,""will"":6,""entertaining"":3,""survival"":3,""thievery"":3,""persuasion"":6,""influence"":5,""endurance"":5,""healing"":2,""agility"":3,""knowledge"":5,""wisdom"":4,""animal_handling"":3,""marksmanship"":2,""fighting"":5,""crafting"":3}",TRUE
investigator,Investigator,üîç,A solver of mysteries and crimes.,classes/Class_Overview_investigator.png,,watchman,1000,spy;lawyer,"{""awareness"":3,""knowledge"":2,""intelligence"":3}","{""fighting"":3,""deception"":6,""agility"":4,""influence"":5,""persuasion"":6,""marksmanship"":3,""stealth"":4,""survival"":4,""will"":4,""animal_handling"":4,""wisdom"":5,""crafting"":3,""thievery"":3,""entertaining"":3,""intelligence"":6,""awareness"":8,""athletics"":5,""endurance"":4,""healing"":3,""knowledge"":6}",TRUE
jailer,Jailer,üîê,A keeper of prisoners and dungeons.,classes/Class_Overview_jailer.png,,bailiff;guard;watchman,750,interrogator;executioner,"{""fighting"":2,""awareness"":2}","{""wisdom"":2,""endurance"":5,""thievery"":3,""intelligence"":2,""stealth"":3,""awareness"":5,""will"":3,""entertaining"":2,""knowledge"":2,""persuasion"":4,""agility"":4,""athletics"":5,""marksmanship"":3,""healing"":2,""fighting"":5,""survival"":3,""deception"":4,""crafting"":3,""animal_handling"":3,""influence"":4}",TRUE
knight,Knight,‚öîÔ∏è,An armored warrior of noble birth.,classes/Class_Overview_knight.png,,squire;hedgeknight;soldier;warrior;noble,2000,paladin;castellan;marshal,"{""influence"":2,""fighting"":5,""endurance"":3}","{""stealth"":2,""deception"":3,""survival"":4,""athletics"":7,""knowledge"":4,""persuasion"":5,""endurance"":6,""entertaining"":3,""fighting"":8,""animal_handling"":6,""crafting"":4,""influence"":5,""wisdom"":4,""healing"":3,""agility"":6,""thievery"":2,""will"":5,""marksmanship"":4,""intelligence"":3,""awareness"":5}",TRUE
lawyer,Lawyer,‚öñÔ∏è,A practitioner of law and advocacy.,classes/Class_Overview_lawyer.png,,scholar;academic;priest;nun,1500,advisor;censor,"{""persuasion"":3,""influence"":2,""knowledge"":3}","{""persuasion"":8,""endurance"":2,""awareness"":5,""deception"":5,""influence"":6,""thievery"":2,""knowledge"":8,""intelligence"":7,""agility"":2,""will"":5,""survival"":2,""crafting"":3,""healing"":2,""animal_handling"":2,""athletics"":2,""entertaining"":3,""stealth"":2,""wisdom"":6,""marksmanship"":2,""fighting"":2}",TRUE
mage,Mage,üßô,A wielder of arcane magical powers.,classes/Class_Overview_mage.png,,hedgemage;student;witch,2000,wizard;sorcerer;enchanter,"{""intelligence"":4,""will"":3,""knowledge"":2}","{""influence"":4,""stealth"":3,""agility"":3,""awareness"":6,""deception"":4,""will"":7,""animal_handling"":4,""persuasion"":4,""endurance"":3,""thievery"":2,""athletics"":3,""entertaining"":4,""crafting"":5,""survival"":3,""marksmanship"":2,""wisdom"":7,""fighting"":2,""knowledge"":8,""healing"":5,""intelligence"":8}",TRUE
marshal,Marshal,‚≠ê,A high-ranking military officer.,classes/Class_Overview_marshal.png,,knight;sheriff,4000,royal,"{""influence"":4,""fighting"":5,""knowledge"":3}","{""influence"":7,""knowledge"":5,""animal_handling"":5,""marksmanship"":5,""stealth"":3,""intelligence"":4,""crafting"":4,""will"":5,""healing"":3,""wisdom"":4,""athletics"":6,""persuasion"":6,""deception"":4,""awareness"":6,""thievery"":2,""agility"":5,""entertaining"":3,""fighting"":7,""endurance"":6,""survival"":4}",TRUE
mercenary,Mercenary,üí∞,A soldier for hire.,classes/Class_Overview_mercenary.png,,soldier;warrior;watchman,1000,warrior;bountyhunter;swornsword,"{""fighting"":4,""athletics"":2}","{""thievery"":3,""fighting"":7,""crafting"":3,""agility"":7,""healing"":3,""athletics"":7,""marksmanship"":6,""animal_handling"":4,""knowledge"":2,""deception"":5,""stealth"":3,""intelligence"":2,""awareness"":5,""influence"":3,""entertaining"":2,""survival"":4,""wisdom"":2,""persuasion"":4,""will"":3,""endurance"":6}",TRUE
merchant,Merchant,üíµ,A trader of goods and commodities.,classes/Class_Overview_merchant.png,,pedlar;villager;begger,750,burgher;pedlar,"{""awareness"":2,""persuasion"":3}","{""stealth"":2,""athletics"":4,""marksmanship"":2,""healing"":2,""survival"":3,""persuasion"":7,""intelligence"":5,""crafting"":5,""fighting"":2,""influence"":6,""endurance"":4,""agility"":3,""entertaining"":3,""will"":3,""wisdom"":4,""deception"":5,""animal_handling"":3,""thievery"":2,""awareness"":5,""knowledge"":5}",TRUE
messenger,Messenger,üì¨,A carrier of letters and news.,classes/Class_Overview_messenger.png,,,400,herald;spy,"{""awareness"":2,""athletics"":2}","{""persuasion"":3,""fighting"":3,""intelligence"":2,""entertaining"":2,""wisdom"":2,""marksmanship"":3,""endurance"":5,""athletics"":5,""agility"":6,""animal_handling"":4,""knowledge"":2,""thievery"":2,""deception"":3,""survival"":4,""crafting"":3,""influence"":3,""stealth"":3,""awareness"":5,""will"":2,""healing"":2}",TRUE
miner,Miner,‚õèÔ∏è,A digger of ore and precious metals.,classes/Class_Overview_miner.png,,,500,smith;craftsman,"{""endurance"":3,""athletics"":2}","{""survival"":4,""persuasion"":2,""wisdom"":2,""thievery"":2,""knowledge"":3,""deception"":2,""marksmanship"":3,""will"":3,""healing"":2,""awareness"":4,""stealth"":2,""agility"":4,""endurance"":8,""athletics"":8,""fighting"":5,""influence"":2,""entertaining"":2,""crafting"":6,""intelligence"":3,""animal_handling"":3}",TRUE
monk,Monk,üôè,A religious ascetic devoted to contemplation.,classes/Class_Overview_monk.png,,,1000,priest;healer,"{""endurance"":2,""will"":3}","{""healing"":5,""athletics"":5,""endurance"":5,""stealth"":3,""marksmanship"":2,""entertaining"":3,""deception"":3,""thievery"":2,""will"":7,""agility"":5,""awareness"":5,""animal_handling"":3,""persuasion"":4,""crafting"":4,""wisdom"":7,""fighting"":5,""intelligence"":5,""knowledge"":6,""influence"":4,""survival"":5}",TRUE
necromancer,Necromancer,üíÄ,A mage who commands the dead.,classes/Class_Overview_necromancer.png,,mage,3000,shadowmage,"{""will"":6,""knowledge"":4,""intelligence"":5}","{""crafting"":4,""wisdom"":6,""awareness"":5,""entertaining"":3,""influence"":3,""fighting"":2,""intelligence"":7,""endurance"":3,""athletics"":2,""healing"":3,""survival"":3,""deception"":5,""will"":8,""persuasion"":3,""knowledge"":7,""agility"":2,""animal_handling"":3,""marksmanship"":2,""stealth"":3,""thievery"":2}",TRUE
noble,Noble,üëë,A person of high birth and privilege.,classes/Class_Overview_noble.png,,,3000,royal;castellan,"{""persuasion"":3,""influence"":4}","{""influence"":8,""endurance"":3,""entertaining"":5,""survival"":2,""thievery"":2,""animal_handling"":4,""will"":5,""crafting"":3,""athletics"":3,""healing"":2,""awareness"":5,""knowledge"":6,""intelligence"":5,""agility"":3,""persuasion"":8,""deception"":5,""fighting"":3,""wisdom"":5,""stealth"":2,""marksmanship"":2}",TRUE
nun,Nun,üôè,A woman devoted to religious life.,classes/Class_Overview_nun.png,,cleric,1000,healer;priest,"{""will"":3,""healing"":2}","{""influence"":5,""awareness"":5,""healing"":6,""crafting"":4,""fighting"":2,""deception"":3,""thievery"":2,""animal_handling"":3,""will"":7,""agility"":3,""wisdom"":7,""endurance"":4,""survival"":3,""stealth"":2,""athletics"":3,""intelligence"":5,""marksmanship"":2,""entertaining"":3,""knowledge"":6,""persuasion"":5}",TRUE
outlaw,Outlaw,üè¥,A criminal outside the protection of law.,classes/Class_Overview_outlaw.png,,,600,bandit;highwayman,"{""stealth"":3,""fighting"":3}","{""stealth"":6,""agility"":6,""fighting"":6,""marksmanship"":6,""knowledge"":2,""influence"":4,""survival"":6,""wisdom"":3,""athletics"":6,""will"":3,""intelligence"":2,""animal_handling"":5,""healing"":3,""persuasion"":5,""thievery"":5,""deception"":6,""crafting"":3,""entertaining"":3,""awareness"":6,""endurance"":6}",TRUE
paladin,Paladin,‚öîÔ∏è,A holy warrior devoted to justice.,classes/Class_Overview_paladin.png,,knight;priest;nun,3000,marshal;royalguard,"{""healing"":2,""will"":4,""fighting"":6}","{""endurance"":7,""animal_handling"":5,""athletics"":6,""fighting"":8,""crafting"":4,""thievery"":2,""wisdom"":6,""intelligence"":4,""awareness"":5,""marksmanship"":4,""stealth"":2,""entertaining"":3,""will"":7,""knowledge"":5,""influence"":5,""survival"":4,""persuasion"":5,""healing"":5,""agility"":6,""deception"":3}",TRUE
peasant,Peasant,üßë‚Äçüåæ,A common agricultural laborer.,classes/Class_Overview_peasant.png,,,0,farmer;villager;servant,{},"{""healing"":3,""animal_handling"":5,""survival"":5,""marksmanship"":3,""athletics"":5,""thievery"":2,""will"":2,""endurance"":6,""deception"":2,""influence"":2,""knowledge"":2,""entertaining"":2,""fighting"":4,""crafting"":4,""intelligence"":2,""agility"":4,""awareness"":4,""persuasion"":2,""wisdom"":3,""stealth"":2}",TRUE
pedlar,Pedlar,üõí,A traveling seller of small goods.,classes/Class_Overview_pedlar.png,,,500,smuggler;fence,"{""persuasion"":2,""athletics"":2}","{""endurance"":5,""knowledge"":4,""animal_handling"":4,""wisdom"":3,""influence"":5,""stealth"":3,""athletics"":5,""persuasion"":6,""intelligence"":4,""awareness"":5,""deception"":5,""thievery"":3,""agility"":4,""entertaining"":3,""marksmanship"":2,""healing"":2,""survival"":4,""will"":2,""crafting"":4,""fighting"":2}",TRUE
physician,Physician,‚öïÔ∏è,A learned doctor of medicine.,classes/Class_Overview_physician.png,,healer;scholar,1500,alchemist;sage,"{""healing"":4,""intelligence"":4,""knowledge"":3}","{""knowledge"":7,""wisdom"":6,""influence"":5,""endurance"":4,""survival"":4,""fighting"":2,""marksmanship"":2,""thievery"":2,""crafting"":5,""animal_handling"":4,""healing"":8,""entertaining"":3,""will"":5,""intelligence"":7,""agility"":3,""persuasion"":5,""athletics"":4,""stealth"":2,""deception"":3,""awareness"":6}",TRUE
pirate,Pirate,üè¥‚Äç‚ò†Ô∏è,A sea-faring raider and plunderer.,classes/Class_Overview_pirate.png,,,1500,raider;smuggler,"{""survival"":2,""athletics"":3,""fighting"":3}","{""knowledge"":2,""agility"":7,""fighting"":6,""stealth"":4,""animal_handling"":4,""crafting"":4,""thievery"":5,""endurance"":7,""intelligence"":2,""awareness"":5,""deception"":5,""influence"":4,""healing"":3,""persuasion"":4,""wisdom"":3,""marksmanship"":5,""will"":3,""entertaining"":5,""athletics"":8,""survival"":6}",TRUE
pitfighter,Pitfighter,üèüÔ∏è,A combatant in arena battles.,classes/Class_Overview_pitfighter.png,,warrior;soldier;bandit;slave,1000,mercenary;barbarian,"{""fighting"":4,""athletics"":3}","{""knowledge"":2,""healing"":3,""endurance"":8,""deception"":4,""thievery"":2,""agility"":8,""persuasion"":4,""marksmanship"":4,""fighting"":8,""intelligence"":2,""survival"":4,""influence"":3,""athletics"":8,""entertaining"":4,""stealth"":3,""awareness"":5,""will"":4,""animal_handling"":4,""crafting"":3,""wisdom"":3}",TRUE
priest,Priest,‚õ™,A religious leader and spiritual guide.,classes/Class_Overview_priest.png,,cleric,1500,zealot;paladin,"{""healing"":3,""will"":4,""influence"":2}","{""influence"":7,""knowledge"":7,""endurance"":5,""intelligence"":5,""deception"":3,""survival"":4,""wisdom"":8,""stealth"":2,""athletics"":4,""crafting"":4,""healing"":7,""entertaining"":4,""awareness"":5,""marksmanship"":2,""will"":7,""persuasion"":7,""fighting"":3,""agility"":4,""thievery"":2,""animal_handling"":4}",TRUE
raider,Raider,‚öîÔ∏è,A warrior who attacks and plunders.,classes/Class_Overview_raider.png,,barbarian;tribesman;warrior,1000,pirate;bandit,"{""fighting"":4,""survival"":2}","{""stealth"":4,""will"":4,""crafting"":3,""endurance"":7,""agility"":7,""intelligence"":2,""marksmanship"":6,""deception"":5,""wisdom"":3,""influence"":4,""athletics"":7,""thievery"":4,""entertaining"":3,""healing"":3,""persuasion"":4,""animal_handling"":5,""awareness"":5,""knowledge"":2,""fighting"":7,""survival"":5}",TRUE
ranger,Ranger,üèπ,A wilderness expert and scout.,classes/Class_Overview_ranger.png,,hunter;soldier;adventurer;warrior,1500,scout;warden,"{""awareness"":3,""marksmanship"":4,""survival"":4}","{""athletics"":7,""fighting"":5,""knowledge"":4,""agility"":7,""awareness"":8,""entertaining"":2,""healing"":4,""animal_handling"":6,""crafting"":4,""stealth"":7,""persuasion"":2,""will"":4,""survival"":8,""intelligence"":3,""endurance"":6,""thievery"":3,""wisdom"":4,""deception"":3,""influence"":2,""marksmanship"":7}",TRUE
rogue,Rogue,üó°Ô∏è,A cunning trickster and thief.,classes/Class_Overview_rogue.png,,,1500,assassin;spy,"{""thievery"":3,""deception"":2,""stealth"":4}","{""endurance"":4,""healing"":2,""intelligence"":4,""persuasion"":5,""wisdom"":3,""stealth"":7,""deception"":7,""knowledge"":4,""fighting"":5,""agility"":7,""awareness"":6,""influence"":4,""animal_handling"":3,""athletics"":5,""will"":3,""crafting"":4,""thievery"":7,""entertaining"":4,""survival"":4,""marksmanship"":4}",TRUE
royal,Royal,üëë,A member of the ruling family.,classes/Class_Overview_royal.png,,noble,5000,marshal,"{""influence"":5,""persuasion"":4,""awareness"":3}","{""wisdom"":5,""fighting"":3,""healing"":2,""deception"":5,""athletics"":3,""intelligence"":5,""persuasion"":9,""agility"":3,""influence"":9,""stealth"":2,""knowledge"":6,""endurance"":3,""marksmanship"":2,""survival"":2,""thievery"":2,""entertaining"":5,""crafting"":3,""will"":5,""animal_handling"":4,""awareness"":5}",TRUE
royalguard,Royalguard,üõ°Ô∏è,An elite protector of royalty.,classes/Class_Overview_royalguard.png,,knight,3000,marshal;paladin,"{""fighting"":6,""awareness"":4,""influence"":2}","{""agility"":6,""healing"":3,""animal_handling"":5,""wisdom"":4,""endurance"":7,""thievery"":2,""intelligence"":3,""survival"":3,""deception"":3,""athletics"":7,""stealth"":2,""influence"":5,""knowledge"":4,""fighting"":8,""marksmanship"":5,""entertaining"":2,""awareness"":6,""persuasion"":5,""crafting"":4,""will"":6}",TRUE
sage,Sage,üìñ,A wise person of great knowledge.,classes/Class_Overview_sage.png,,academic,2000,seer;wizard,"{""intelligence"":4,""wisdom"":3,""knowledge"":5}","{""intelligence"":8,""crafting"":5,""knowledge"":8,""persuasion"":5,""animal_handling"":5,""athletics"":3,""influence"":5,""endurance"":3,""fighting"":2,""agility"":3,""awareness"":6,""wisdom"":8,""marksmanship"":2,""will"":6,""survival"":5,""entertaining"":4,""stealth"":2,""deception"":3,""thievery"":2,""healing"":6}",TRUE
sailor,Sailor,‚õµ,A crew member of seafaring vessels.,classes/Class_Overview_sailor.png,,,750,pirate;navigator,"{""survival"":2,""athletics"":3,""awareness"":2}","{""healing"":2,""entertaining"":4,""survival"":6,""thievery"":4,""fighting"":4,""endurance"":7,""marksmanship"":4,""awareness"":5,""influence"":3,""wisdom"":2,""crafting"":5,""persuasion"":3,""athletics"":8,""deception"":3,""agility"":6,""animal_handling"":5,""stealth"":3,""intelligence"":2,""will"":2,""knowledge"":2}",TRUE
scholar,Scholar,üìö,A dedicated student and researcher.,classes/Class_Overview_scholar.png,,academic,750,sage;academic;lawyer,"{""knowledge"":3,""intelligence"":3}","{""influence"":4,""crafting"":5,""marksmanship"":2,""knowledge"":8,""deception"":4,""fighting"":2,""persuasion"":5,""wisdom"":7,""entertaining"":4,""animal_handling"":4,""stealth"":2,""endurance"":3,""intelligence"":7,""healing"":5,""thievery"":2,""awareness"":6,""survival"":4,""will"":5,""agility"":3,""athletics"":3}",TRUE
scout,Scout,üëÅÔ∏è,A reconnaissance specialist.,classes/Class_Overview_scout.png,,ranger,1000,ranger;spy,"{""awareness"":4,""agility"":2,""survival"":3}","{""influence"":2,""crafting"":3,""intelligence"":3,""endurance"":5,""deception"":4,""agility"":7,""will"":3,""animal_handling"":5,""healing"":2,""thievery"":3,""athletics"":6,""persuasion"":3,""fighting"":4,""wisdom"":3,""marksmanship"":5,""stealth"":7,""survival"":7,""knowledge"":3,""awareness"":8,""entertaining"":2}",TRUE
seer,Seer,üîÆ,One who perceives the future.,classes/Class_Overview_seer.png,,witch;hedgemage;nun;monk;conartist,2000,thaumaturge;shaman,"{""will"":3,""awareness"":4,""intelligence"":4}","{""wisdom"":8,""awareness"":7,""animal_handling"":4,""thievery"":2,""healing"":4,""will"":8,""crafting"":4,""athletics"":3,""stealth"":3,""persuasion"":4,""influence"":4,""knowledge"":7,""fighting"":2,""entertaining"":4,""intelligence"":6,""endurance"":3,""survival"":4,""agility"":3,""marksmanship"":2,""deception"":4}",TRUE
sentinel,Sentinel,üóº,A vigilant guard and watcher.,classes/Class_Overview_sentinel.png,,guard;soldier;warrior;knight;squire,1000,warden;royalguard,"{""fighting"":3,""awareness"":4}","{""knowledge"":2,""marksmanship"":4,""deception"":3,""intelligence"":2,""will"":5,""crafting"":3,""influence"":4,""thievery"":2,""survival"":3,""endurance"":6,""awareness"":6,""fighting"":6,""agility"":5,""animal_handling"":3,""entertaining"":2,""athletics"":6,""wisdom"":4,""stealth"":3,""healing"":3,""persuasion"":4}",TRUE
servant,Servant,üßπ,One who serves a master.,classes/Class_Overview_servant.png,,,0,steward;courtesan;spy,{},"{""stealth"":3,""thievery"":2,""survival"":3,""awareness"":4,""intelligence"":3,""agility"":3,""knowledge"":3,""deception"":4,""endurance"":4,""marksmanship"":2,""animal_handling"":4,""fighting"":2,""athletics"":4,""wisdom"":3,""crafting"":5,""influence"":3,""persuasion"":4,""entertaining"":3,""healing"":3,""will"":2}",TRUE
shadowmage,Shadowmage,üåë,A mage who wields shadow magic.,classes/Class_Overview_shadowmage.png,,mage,2500,necromancer;assassin,"{""will"":5,""intelligence"":5,""knowledge"":3}","{""survival"":3,""agility"":3,""stealth"":5,""endurance"":3,""persuasion"":4,""entertaining"":4,""marksmanship"":2,""crafting"":4,""intelligence"":7,""deception"":6,""thievery"":3,""influence"":4,""awareness"":6,""will"":8,""healing"":3,""wisdom"":6,""knowledge"":7,""athletics"":3,""animal_handling"":3,""fighting"":2}",TRUE
shaman,Shaman,ü™∂,A spiritual leader with nature magic.,classes/Class_Overview_shaman.png,,,1500,druid;witch,"{""will"":3,""survival"":2,""knowledge"":2}","{""intelligence"":5,""knowledge"":6,""stealth"":4,""will"":7,""athletics"":4,""awareness"":6,""fighting"":3,""influence"":4,""animal_handling"":7,""survival"":7,""endurance"":5,""crafting"":4,""thievery"":2,""deception"":3,""entertaining"":4,""wisdom"":8,""marksmanship"":3,""agility"":3,""healing"":6,""persuasion"":4}",TRUE
sheriff,Sheriff,‚≠ê,A law enforcement officer.,classes/Class_Overview_sheriff.png,,bailiff;guard;noble,1500,marshal;interrogator,"{""awareness"":2,""influence"":3,""fighting"":3}","{""deception"":4,""agility"":5,""knowledge"":4,""athletics"":5,""fighting"":5,""wisdom"":4,""animal_handling"":4,""crafting"":3,""marksmanship"":4,""will"":4,""entertaining"":2,""survival"":3,""persuasion"":6,""thievery"":2,""stealth"":3,""awareness"":6,""healing"":2,""influence"":6,""endurance"":5,""intelligence"":3}",TRUE
slave,Slave,‚õìÔ∏è,One bound in servitude.,classes/Class_Overview_slave.png,,,0,servant;gladiator;peasant,{},"{""marksmanship"":2,""intelligence"":2,""agility"":4,""survival"":4,""crafting"":4,""persuasion"":2,""awareness"":4,""thievery"":2,""deception"":3,""knowledge"":2,""entertaining"":2,""endurance"":6,""stealth"":3,""animal_handling"":4,""influence"":2,""fighting"":4,""healing"":2,""athletics"":5,""will"":2,""wisdom"":2}",TRUE
smith,Smith,üî®,A worker of metal and forge.,classes/Class_Overview_smith.png,,craftsman,1000,artisan;engineer,"{""endurance"":2,""crafting"":4}","{""influence"":3,""endurance"":8,""crafting"":9,""intelligence"":4,""healing"":2,""agility"":4,""animal_handling"":3,""athletics"":8,""persuasion"":3,""stealth"":2,""deception"":2,""survival"":3,""marksmanship"":2,""fighting"":5,""awareness"":4,""knowledge"":4,""thievery"":2,""wisdom"":3,""will"":4,""entertaining"":2}",TRUE
smuggler,Smuggler,üì¶,A trader in illegal goods.,classes/Class_Overview_smuggler.png,,rogue;boatman;coachman;merchant,1000,merchant;pirate,"{""stealth"":3,""deception"":2}","{""survival"":4,""fighting"":4,""crafting"":4,""endurance"":5,""athletics"":5,""entertaining"":3,""agility"":6,""stealth"":6,""healing"":2,""awareness"":6,""animal_handling"":4,""intelligence"":4,""knowledge"":4,""persuasion"":5,""wisdom"":3,""will"":3,""marksmanship"":4,""thievery"":5,""deception"":7,""influence"":4}",TRUE
soldier,Soldier,‚öîÔ∏è,A trained military combatant.,classes/Class_Overview_soldier.png,,,500,mercenary;guard;spearman,"{""fighting"":3,""endurance"":2}","{""wisdom"":3,""endurance"":6,""awareness"":5,""entertaining"":2,""crafting"":3,""animal_handling"":4,""thievery"":2,""athletics"":6,""will"":4,""intelligence"":2,""persuasion"":3,""fighting"":6,""deception"":3,""influence"":3,""survival"":4,""marksmanship"":5,""stealth"":3,""healing"":3,""agility"":6,""knowledge"":2}",TRUE
sorcerer,Sorcerer,‚ú®,A mage with innate magical ability.,classes/Class_Overview_sorcerer.png,,mage,2000,wizard;warlock,"{""will"":4,""intelligence"":4}","{""persuasion"":5,""survival"":3,""entertaining"":4,""crafting"":4,""endurance"":3,""intelligence"":7,""agility"":3,""wisdom"":6,""awareness"":6,""knowledge"":7,""healing"":4,""animal_handling"":4,""deception"":5,""influence"":4,""will"":8,""athletics"":3,""marksmanship"":2,""fighting"":2,""stealth"":3,""thievery"":2}",TRUE
spearman,Spearman,üî±,A soldier armed with a spear.,classes/Class_Overview_spearman.png,,,750,soldier;cavalry,"{""fighting"":3,""athletics"":2}","{""survival"":4,""healing"":3,""persuasion"":2,""agility"":6,""animal_handling"":4,""knowledge"":2,""wisdom"":2,""crafting"":3,""thievery"":2,""will"":3,""athletics"":6,""deception"":2,""awareness"":5,""endurance"":6,""fighting"":6,""influence"":2,""stealth"":2,""intelligence"":2,""marksmanship"":4,""entertaining"":2}",TRUE
spellmonger,Spellmonger,üìú,A dealer in magical services.,classes/Class_Overview_spellmonger.png,,mage,1000,merchant,"{""intelligence"":3,""persuasion"":3}","{""healing"":4,""fighting"":2,""will"":5,""knowledge"":6,""endurance"":3,""intelligence"":6,""stealth"":2,""awareness"":5,""animal_handling"":3,""deception"":5,""athletics"":3,""persuasion"":6,""crafting"":5,""thievery"":2,""entertaining"":4,""wisdom"":5,""agility"":3,""survival"":3,""influence"":5,""marksmanship"":2}",TRUE
spy,Spy,üïµÔ∏è,A gatherer of secret information.,classes/Class_Overview_spy.png,,whisperer;rogue,1500,assassin;whisperer,"{""awareness"":3,""stealth"":3,""deception"":3}","{""knowledge"":5,""survival"":4,""entertaining"":4,""athletics"":5,""stealth"":7,""crafting"":4,""intelligence"":5,""deception"":8,""thievery"":5,""awareness"":7,""influence"":5,""marksmanship"":4,""fighting"":4,""animal_handling"":4,""persuasion"":6,""agility"":6,""healing"":2,""will"":4,""wisdom"":4,""endurance"":4}",TRUE
squire,Squire,üõ°Ô∏è,A knight in training.,classes/Class_Overview_squire.png,,,1000,knight;cavalry,"{""fighting"":3,""agility"":2}","{""knowledge"":3,""fighting"":5,""stealth"":2,""deception"":2,""healing"":3,""agility"":5,""survival"":3,""influence"":4,""intelligence"":3,""athletics"":5,""endurance"":5,""thievery"":2,""animal_handling"":5,""persuasion"":4,""entertaining"":2,""crafting"":4,""wisdom"":3,""marksmanship"":4,""awareness"":4,""will"":3}",TRUE
steward,Steward,üè†,A manager of a noble household.,classes/Class_Overview_steward.png,,castellan,1000,castellan;advisor,"{""awareness"":2,""influence"":3,""knowledge"":2}","{""endurance"":4,""influence"":6,""survival"":3,""marksmanship"":2,""wisdom"":4,""persuasion"":6,""fighting"":2,""deception"":4,""stealth"":2,""animal_handling"":4,""knowledge"":6,""athletics"":4,""intelligence"":5,""crafting"":5,""agility"":4,""entertaining"":3,""thievery"":2,""awareness"":5,""will"":3,""healing"":2}",TRUE
student,Student,üìñ,One who studies under a teacher.,classes/Class_Overview_student.png,,,0,scholar;apprentice;acolyte,{},"{""knowledge"":6,""endurance"":3,""wisdom"":5,""influence"":3,""thievery"":2,""athletics"":3,""agility"":3,""crafting"":4,""healing"":4,""awareness"":4,""marksmanship"":2,""entertaining"":3,""persuasion"":4,""survival"":3,""will"":4,""animal_handling"":3,""deception"":4,""stealth"":2,""intelligence"":5,""fighting"":2}",TRUE
swordmaster,Swordmaster,‚öîÔ∏è,An expert in sword combat.,classes/Class_Overview_swordmaster.png,,duelist,2500,royalguard;marshal,"{""agility"":4,""fighting"":6}","{""healing"":3,""intelligence"":4,""marksmanship"":4,""persuasion"":4,""wisdom"":3,""deception"":4,""thievery"":2,""stealth"":3,""endurance"":6,""knowledge"":4,""entertaining"":3,""influence"":3,""will"":5,""agility"":9,""crafting"":4,""survival"":3,""athletics"":7,""fighting"":9,""awareness"":6,""animal_handling"":4}",TRUE
swornsword,Swornsword,‚öîÔ∏è,A sellsword bound by oath.,classes/Class_Overview_swornsword.png,,mercenary,1500,knight;assassin,"{""will"":2,""fighting"":4}","{""influence"":3,""endurance"":6,""healing"":3,""agility"":7,""fighting"":8,""entertaining"":2,""thievery"":2,""awareness"":5,""wisdom"":3,""crafting"":3,""knowledge"":2,""athletics"":7,""intelligence"":2,""will"":4,""animal_handling"":4,""persuasion"":4,""deception"":4,""stealth"":3,""marksmanship"":5,""survival"":4}",TRUE
tavernhelp,Tavernhelp,üç∫,A worker at a tavern or inn.,classes/Class_Overview_tavernhelp.png,,,300,entertainer;spy,{},"{""survival"":3,""marksmanship"":2,""healing"":2,""deception"":4,""intelligence"":2,""crafting"":4,""fighting"":2,""agility"":4,""wisdom"":2,""athletics"":5,""persuasion"":4,""stealth"":3,""awareness"":4,""knowledge"":2,""influence"":3,""entertaining"":4,""thievery"":2,""endurance"":5,""animal_handling"":3,""will"":2}",TRUE
thaumaturge,Thaumaturge,‚ú®,A worker of miracles and wonders.,classes/Class_Overview_thaumaturge.png,,mage,2500,seer;sage,"{""knowledge"":4,""will"":5,""intelligence"":5}","{""intelligence"":7,""will"":8,""wisdom"":7,""fighting"":2,""animal_handling"":4,""deception"":4,""persuasion"":4,""crafting"":5,""healing"":5,""awareness"":6,""endurance"":3,""knowledge"":8,""entertaining"":4,""agility"":3,""athletics"":3,""thievery"":2,""survival"":3,""stealth"":3,""marksmanship"":2,""influence"":4}",TRUE
thief,Thief,üí∞,A stealer of property.,classes/Class_Overview_thief.png,,rogue,500,burglar;cutpurse;fence,"{""stealth"":3,""thievery"":2}","{""thievery"":8,""awareness"":6,""crafting"":4,""endurance"":3,""athletics"":4,""entertaining"":4,""intelligence"":4,""wisdom"":3,""persuasion"":4,""deception"":7,""will"":3,""knowledge"":4,""agility"":6,""healing"":2,""stealth"":8,""survival"":3,""fighting"":3,""animal_handling"":3,""marksmanship"":3,""influence"":3}",TRUE
tribesman,Tribesman,üèπ,A member of a tribal society.,classes/Class_Overview_tribesman.png,,,0,hunter;barbarian;shaman,{},"{""stealth"":5,""agility"":6,""fighting"":6,""marksmanship"":6,""knowledge"":2,""influence"":3,""survival"":8,""wisdom"":4,""athletics"":7,""will"":4,""intelligence"":2,""animal_handling"":6,""healing"":4,""thievery"":3,""persuasion"":3,""deception"":3,""crafting"":4,""entertaining"":3,""awareness"":6,""endurance"":7}",TRUE
villager,Villager,üèòÔ∏è,A resident of a village.,classes/Class_Overview_villager.png,,,0,craftsman;merchant;guard,{},"{""athletics"":5,""survival"":4,""endurance"":5,""agility"":4,""healing"":3,""entertaining"":3,""intelligence"":3,""animal_handling"":5,""marksmanship"":3,""wisdom"":3,""crafting"":5,""persuasion"":3,""fighting"":3,""deception"":3,""influence"":3,""awareness"":4,""will"":2,""thievery"":2,""knowledge"":3,""stealth"":3}",TRUE
warden,Warden,üõ°Ô∏è,A guardian and protector.,classes/Class_Overview_warden.png,,ranger;sentinel;knight,2000,marshal;paladin,{},"{""deception"":3,""athletics"":6,""marksmanship"":5,""fighting"":6,""animal_handling"":5,""thievery"":2,""agility"":5,""stealth"":3,""endurance"":6,""healing"":3,""entertaining"":2,""knowledge"":4,""persuasion"":5,""awareness"":6,""influence"":5,""crafting"":4,""intelligence"":3,""will"":5,""survival"":5,""wisdom"":4}",TRUE
warlock,Warlock,üòà,A mage who made a dark pact.,classes/Class_Overview_warlock.png,,mage,2500,necromancer;shadowmage,"{""intelligence"":4,""knowledge"":3,""will"":5}","{""influence"":4,""athletics"":3,""persuasion"":4,""knowledge"":6,""awareness"":5,""agility"":3,""entertaining"":4,""crafting"":4,""stealth"":4,""animal_handling"":3,""thievery"":3,""will"":9,""deception"":6,""healing"":3,""fighting"":2,""survival"":3,""endurance"":3,""intelligence"":6,""wisdom"":6,""marksmanship"":2}",TRUE
warmage,Warmage,üî•,A mage specialized in battle magic.,classes/Class_Overview_warmage.png,,mage,2500,footwizard;marshal,"{""fighting"":3,""knowledge"":4,""intelligence"":5}","{""deception"":4,""healing"":4,""animal_handling"":3,""knowledge"":7,""wisdom"":5,""agility"":4,""athletics"":5,""marksmanship"":5,""survival"":4,""crafting"":4,""influence"":3,""stealth"":3,""intelligence"":7,""endurance"":5,""fighting"":6,""thievery"":2,""entertaining"":3,""persuasion"":3,""will"":7,""awareness"":6}",TRUE
warrior,Warrior,‚öîÔ∏è,A fighter trained for battle.,classes/Class_Overview_warrior.png,,,1000,mercenary;knight;barbarian,"{""fighting"":4,""endurance"":3}","{""entertaining"":2,""wisdom"":3,""endurance"":6,""fighting"":7,""will"":4,""awareness"":5,""crafting"":3,""persuasion"":4,""knowledge"":2,""stealth"":3,""intelligence"":2,""marksmanship"":5,""influence"":3,""thievery"":2,""agility"":7,""deception"":4,""athletics"":7,""healing"":3,""survival"":4,""animal_handling"":4}",TRUE
watchman,Watchman,üëÅÔ∏è,A guard who patrols and watches.,classes/Class_Overview_watchman.png,,,750,investigator;sentinel,"{""fighting"":2,""awareness"":3}","{""wisdom"":3,""agility"":5,""entertaining"":2,""thievery"":2,""knowledge"":2,""influence"":4,""healing"":2,""intelligence"":2,""endurance"":5,""will"":4,""persuasion"":4,""crafting"":3,""athletics"":5,""stealth"":4,""fighting"":5,""awareness"":6,""survival"":3,""animal_handling"":3,""marksmanship"":4,""deception"":3}",TRUE
whisperer,Whisperer,ü§´,A spreader of secrets and rumors.,classes/Class_Overview_whisperer.png,,,1000,courtier;spy,"{""stealth"":4,""influence"":2,""deception"":4}","{""influence"":6,""animal_handling"":3,""fighting"":2,""deception"":8,""stealth"":5,""entertaining"":4,""knowledge"":5,""intelligence"":5,""endurance"":3,""agility"":4,""thievery"":3,""healing"":2,""survival"":3,""marksmanship"":2,""persuasion"":7,""wisdom"":4,""crafting"":3,""will"":4,""awareness"":7,""athletics"":3}",TRUE
whore,Whore,üíã,A seller of companionship.,classes/Class_Overview_whore.png,,,300,courtesan;spy,"{""entertaining"":2}","{""intelligence"":3,""persuasion"":7,""crafting"":3,""influence"":5,""entertaining"":6,""deception"":6,""stealth"":3,""thievery"":2,""fighting"":2,""athletics"":4,""survival"":3,""healing"":2,""endurance"":4,""marksmanship"":2,""agility"":4,""awareness"":5,""knowledge"":3,""animal_handling"":2,""wisdom"":3,""will"":3}",TRUE
wildling,Wildling,üå≤,A person from beyond civilization.,classes/Class_Overview_wildling.png,,,0,barbarian;hunter;forager,{},"{""animal_handling"":6,""knowledge"":2,""influence"":2,""endurance"":8,""agility"":7,""stealth"":6,""healing"":4,""wisdom"":4,""thievery"":4,""athletics"":8,""fighting"":6,""awareness"":6,""will"":5,""entertaining"":3,""marksmanship"":6,""deception"":4,""persuasion"":3,""intelligence"":2,""crafting"":4,""survival"":9}",TRUE
witch,Witch,üßπ,A practitioner of folk magic.,classes/Class_Overview_witch.png,,,1500,druid;shaman,"{""will"":3,""intelligence"":3,""knowledge"":2}","{""crafting"":5,""healing"":5,""athletics"":4,""survival"":5,""endurance"":5,""knowledge"":6,""awareness"":9,""stealth"":6,""deception"":7,""influence"":3,""wisdom"":8,""agility"":4,""intelligence"":5,""thievery"":4,""will"":9,""marksmanship"":3,""fighting"":3,""entertaining"":5,""persuasion"":6,""animal_handling"":6}",TRUE
witchhunter,Witchhunter,üî•,A hunter of dark magic users.,classes/Class_Overview_witchhunter.png,,mage;bountyhunter;zealot;knight;priest,2500,inquisitor;spy,"{""fighting"":4,""awareness"":4,""will"":3}","{""awareness"":6,""knowledge"":6,""marksmanship"":6,""will"":6,""wisdom"":7,""healing"":3,""agility"":7,""animal_handling"":5,""survival"":4,""athletics"":7,""stealth"":6,""intelligence"":6,""influence"":8,""fighting"":7,""persuasion"":5,""thievery"":3,""entertaining"":3,""deception"":7,""crafting"":3,""endurance"":7}",TRUE
wizard,Wizard,üßô,A learned master of arcane arts.,classes/Class_Overview_wizard.png,,mage,3000,warmage;necromancer;thaumaturge,"{""will"":4,""intelligence"":5,""knowledge"":4}","{""intelligence"":9,""knowledge"":9,""animal_handling"":6,""stealth"":5,""influence"":5,""athletics"":2,""wisdom"":6,""survival"":3,""deception"":6,""awareness"":6,""healing"":4,""persuasion"":5,""thievery"":4,""will"":6,""marksmanship"":6,""crafting"":8,""agility"":2,""endurance"":2,""fighting"":2,""entertaining"":5}",TRUE
woodsman,Woodsman,ü™ì,A forest dweller and lumberjack.,classes/Class_Overview_woodsman.png,,,600,hunter;ranger,"{""endurance"":2,""survival"":3,""athletics"":2}","{""fighting"":4,""awareness"":2,""animal_handling"":7,""entertaining"":2,""persuasion"":2,""healing"":3,""influence"":2,""survival"":9,""athletics"":7,""intelligence"":2,""stealth"":4,""agility"":5,""will"":2,""endurance"":9,""deception"":2,""thievery"":2,""marksmanship"":8,""crafting"":7,""wisdom"":2,""knowledge"":2}",TRUE
yeoman,Yeoman,üè°,A free farmer of modest means.,classes/Class_Overview_yeoman.png,,villager;farmer;woodsman;merchant;tavernhelp,0,,"{""animal_handling"":2,""survival"":2}","{""influence"":7,""deception"":2,""marksmanship"":5,""fighting"":6,""awareness"":4,""wisdom"":2,""will"":3,""survival"":6,""athletics"":4,""knowledge"":4,""entertaining"":2,""stealth"":6,""crafting"":4,""intelligence"":3,""animal_handling"":4,""persuasion"":2,""endurance"":5,""thievery"":2,""healing"":2,""agility"":4}",TRUE
zealot,Zealot,üî•,A fanatical religious devotee.,classes/Class_Overview_zealot.png,,monk;nun;priest;shaman;witch,2000,witchhunter;paladin,"{""will"":5,""fighting"":3}","{""fighting"":3,""influence"":6,""healing"":2,""endurance"":5,""awareness"":4,""entertaining"":8,""intelligence"":2,""agility"":4,""stealth"":4,""thievery"":2,""marksmanship"":2,""animal_handling"":2,""survival"":3,""knowledge"":2,""crafting"":2,""will"":7,""deception"":6,""athletics"":5,""wisdom"":4,""persuasion"":9}",TRUE
